"source_repository","source_sha","source_path","source_symbol","raw_formal","raw_nickname","normalized_formal","normalized_nickname","current_dictionary_version","classification","reason"
"mufflyt/isochrones","c03c3733f8376af49bb2e141ec5970424299a43f","R/strategies/strategy_19_name_alias.R","NICKNAME_MAP","ELIZABETH","LIZ","ELIZABETH","LIZ","2026-09-06.1","ALREADY_PRESENT","forward edge already governed by the current dictionary"
"mufflyt/isochrones","c03c3733f8376af49bb2e141ec5970424299a43f","R/strategies/strategy_19_name_alias.R","NICKNAME_MAP","ELIZABETH","BETH","ELIZABETH","BETH","2026-09-06.1","ALREADY_PRESENT","forward edge already governed by the current dictionary"
"mufflyt/isochrones","c03c3733f8376af49bb2e141ec5970424299a43f","R/strategies/strategy_19_name_alias.R","NICKNAME_MAP","ELIZABETH","ELIZA","ELIZABETH","ELIZA","2026-09-06.1","ALREADY_PRESENT","forward edge already governed by the current dictionary"
"mufflyt/isochrones","c03c3733f8376af49bb2e141ec5970424299a43f","R/strategies/strategy_19_name_alias.R","NICKNAME_MAP","ELIZABETH","BETTY","ELIZABETH","BETTY","2026-09-06.1","ALREADY_PRESENT","forward edge already governed by the current dictionary"
"mufflyt/isochrones","c03c3733f8376af49bb2e141ec5970424299a43f","R/strategies/strategy_19_name_alias.R","NICKNAME_MAP","ELIZABETH","ELLIE","ELIZABETH","ELLIE","2026-09-06.1","NEEDS_ADJUDICATION","external map is evidence that the pair was used downstream, but no independent positive support is encoded here"
"mufflyt/isochrones","c03c3733f8376af49bb2e141ec5970424299a43f","R/strategies/strategy_19_name_alias.R","NICKNAME_MAP","ELIZABETH","LIZA","ELIZABETH","LIZA","2026-09-06.1","ALREADY_PRESENT","forward edge already governed by the current dictionary"
"mufflyt/isochrones","c03c3733f8376af49bb2e141ec5970424299a43f","R/strategies/strategy_19_name_alias.R","NICKNAME_MAP","ELIZABETH","LISA","ELIZABETH","LISA","2026-09-06.1","ALREADY_PRESENT","forward edge already governed by the current dictionary"
"mufflyt/isochrones","c03c3733f8376af49bb2e141ec5970424299a43f","R/strategies/strategy_19_name_alias.R","NICKNAME_MAP","KATHERINE","KATE","KATHERINE","KATE","2026-09-06.1","ALREADY_PRESENT","forward edge already governed by the current dictionary"
"mufflyt/isochrones","c03c3733f8376af49bb2e141ec5970424299a43f","R/strategies/strategy_19_name_alias.R","NICKNAME_MAP","KATHERINE","KATIE","KATHERINE","KATIE","2026-09-06.1","ALREADY_PRESENT","forward edge already governed by the current dictionary"
"mufflyt/isochrones","c03c3733f8376af49bb2e141ec5970424299a43f","R/strategies/strategy_19_name_alias.R","NICKNAME_MAP","KATHERINE","KAT","KATHERINE","KAT","2026-09-06.1","NEEDS_ADJUDICATION","external map is evidence that the pair was used downstream, but no independent positive support is encoded here"
"mufflyt/isochrones","c03c3733f8376af49bb2e141ec5970424299a43f","R/strategies/strategy_19_name_alias.R","NICKNAME_MAP","KATHERINE","KATHY","KATHERINE","KATHY","2026-09-06.1","ALREADY_PRESENT","forward edge already governed by the current dictionary"
"mufflyt/isochrones","c03c3733f8376af49bb2e141ec5970424299a43f","R/strategies/strategy_19_name_alias.R","NICKNAME_MAP","KATHERINE","KATY","KATHERINE","KATY","2026-09-06.1","ALREADY_PRESENT","forward edge already governed by the current dictionary"
"mufflyt/isochrones","c03c3733f8376af49bb2e141ec5970424299a43f","R/strategies/strategy_19_name_alias.R","NICKNAME_MAP","CATHERINE","CATHY","CATHERINE","CATHY","2026-09-06.1","ALREADY_PRESENT","forward edge already governed by the current dictionary"
"mufflyt/isochrones","c03c3733f8376af49bb2e141ec5970424299a43f","R/strategies/strategy_19_name_alias.R","NICKNAME_MAP","CATHERINE","CAT","CATHERINE","CAT","2026-09-06.1","NEEDS_ADJUDICATION","external map is evidence that the pair was used downstream, but no independent positive support is encoded here"
"mufflyt/isochrones","c03c3733f8376af49bb2e141ec5970424299a43f","R/strategies/strategy_19_name_alias.R","NICKNAME_MAP","CATHERINE","KATE","CATHERINE","KATE","2026-09-06.1","ALREADY_PRESENT","forward edge already governed by the current dictionary"
"mufflyt/isochrones","c03c3733f8376af49bb2e141ec5970424299a43f","R/strategies/strategy_19_name_alias.R","NICKNAME_MAP","CATHERINE","KATIE","CATHERINE","KATIE","2026-09-06.1","ALREADY_PRESENT","forward edge already governed by the current dictionary"
"mufflyt/isochrones","c03c3733f8376af49bb2e141ec5970424299a43f","R/strategies/strategy_19_name_alias.R","NICKNAME_MAP","MARGARET","MEG","MARGARET","MEG","2026-09-06.1","ALREADY_PRESENT","forward edge already governed by the current dictionary"
"mufflyt/isochrones","c03c3733f8376af49bb2e141ec5970424299a43f","R/strategies/strategy_19_name_alias.R","NICKNAME_MAP","MARGARET","MAGGIE","MARGARET","MAGGIE","2026-09-06.1","ALREADY_PRESENT","forward edge already governed by the current dictionary"
"mufflyt/isochrones","c03c3733f8376af49bb2e141ec5970424299a43f","R/strategies/strategy_19_name_alias.R","NICKNAME_MAP","MARGARET","PEGGY","MARGARET","PEGGY","2026-09-06.1","ALREADY_PRESENT","forward edge already governed by the current dictionary"
"mufflyt/isochrones","c03c3733f8376af49bb2e141ec5970424299a43f","R/strategies/strategy_19_name_alias.R","NICKNAME_MAP","MARGARET","MARGE","MARGARET","MARGE","2026-09-06.1","ALREADY_PRESENT","forward edge already governed by the current dictionary"
"mufflyt/isochrones","c03c3733f8376af49bb2e141ec5970424299a43f","R/strategies/strategy_19_name_alias.R","NICKNAME_MAP","MARGARET","PEG","MARGARET","PEG","2026-09-06.1","ALREADY_PRESENT","forward edge already governed by the current dictionary"
"mufflyt/isochrones","c03c3733f8376af49bb2e141ec5970424299a43f","R/strategies/strategy_19_name_alias.R","NICKNAME_MAP","JENNIFER","JEN","JENNIFER","JEN","2026-09-06.1","ALREADY_PRESENT","forward edge already governed by the current dictionary"
"mufflyt/isochrones","c03c3733f8376af49bb2e141ec5970424299a43f","R/strategies/strategy_19_name_alias.R","NICKNAME_MAP","JENNIFER","JENNY","JENNIFER","JENNY","2026-09-06.1","ALREADY_PRESENT","forward edge already governed by the current dictionary"
"mufflyt/isochrones","c03c3733f8376af49bb2e141ec5970424299a43f","R/strategies/strategy_19_name_alias.R","NICKNAME_MAP","JENNIFER","JENNIE","JENNIFER","JENNIE","2026-09-06.1","ALREADY_PRESENT","forward edge already governed by the current dictionary"
"mufflyt/isochrones","c03c3733f8376af49bb2e141ec5970424299a43f","R/strategies/strategy_19_name_alias.R","NICKNAME_MAP","PATRICIA","PAT","PATRICIA","PAT","2026-09-06.1","ALREADY_PRESENT","forward edge already governed by the current dictionary"
"mufflyt/isochrones","c03c3733f8376af49bb2e141ec5970424299a43f","R/strategies/strategy_19_name_alias.R","NICKNAME_MAP","PATRICIA","PATTY","PATRICIA","PATTY","2026-09-06.1","ALREADY_PRESENT","forward edge already governed by the current dictionary"
"mufflyt/isochrones","c03c3733f8376af49bb2e141ec5970424299a43f","R/strategies/strategy_19_name_alias.R","NICKNAME_MAP","PATRICIA","TRICIA","PATRICIA","TRICIA","2026-09-06.1","ALREADY_PRESENT","forward edge already governed by the current dictionary"
"mufflyt/isochrones","c03c3733f8376af49bb2e141ec5970424299a43f","R/strategies/strategy_19_name_alias.R","NICKNAME_MAP","PATRICIA","TRISH","PATRICIA","TRISH","2026-09-06.1","ALREADY_PRESENT","forward edge already governed by the current dictionary"
"mufflyt/isochrones","c03c3733f8376af49bb2e141ec5970424299a43f","R/strategies/strategy_19_name_alias.R","NICKNAME_MAP","STEPHANIE","STEPH","STEPHANIE","STEPH","2026-09-06.1","ALREADY_PRESENT","forward edge already governed by the current dictionary"
"mufflyt/isochrones","c03c3733f8376af49bb2e141ec5970424299a43f","R/strategies/strategy_19_name_alias.R","NICKNAME_MAP","STEPHANIE","STEVIE","STEPHANIE","STEVIE","2026-09-06.1","ALREADY_PRESENT","forward edge already governed by the current dictionary"
"mufflyt/isochrones","c03c3733f8376af49bb2e141ec5970424299a43f","R/strategies/strategy_19_name_alias.R","NICKNAME_MAP","ALEXANDRA","ALEX","ALEXANDRA","ALEX","2026-09-06.1","ALREADY_PRESENT","forward edge already governed by the current dictionary"
"mufflyt/isochrones","c03c3733f8376af49bb2e141ec5970424299a43f","R/strategies/strategy_19_name_alias.R","NICKNAME_MAP","ALEXANDRA","LEXI","ALEXANDRA","LEXI","2026-09-06.1","NEEDS_ADJUDICATION","external map is evidence that the pair was used downstream, but no independent positive support is encoded here"
"mufflyt/isochrones","c03c3733f8376af49bb2e141ec5970424299a43f","R/strategies/strategy_19_name_alias.R","NICKNAME_MAP","ALEXANDRA","LEXIE","ALEXANDRA","LEXIE","2026-09-06.1","ALREADY_PRESENT","forward edge already governed by the current dictionary"
"mufflyt/isochrones","c03c3733f8376af49bb2e141ec5970424299a43f","R/strategies/strategy_19_name_alias.R","NICKNAME_MAP","ALEXANDRA","SANDRA","ALEXANDRA","SANDRA","2026-09-06.1","ALREADY_PRESENT","forward edge already governed by the current dictionary"
"mufflyt/isochrones","c03c3733f8376af49bb2e141ec5970424299a43f","R/strategies/strategy_19_name_alias.R","NICKNAME_MAP","CHRISTINA","CHRIS","CHRISTINA","CHRIS","2026-09-06.1","ALREADY_PRESENT","forward edge already governed by the current dictionary"
"mufflyt/isochrones","c03c3733f8376af49bb2e141ec5970424299a43f","R/strategies/strategy_19_name_alias.R","NICKNAME_MAP","CHRISTINA","TINA","CHRISTINA","TINA","2026-09-06.1","ALREADY_PRESENT","forward edge already governed by the current dictionary"
"mufflyt/isochrones","c03c3733f8376af49bb2e141ec5970424299a43f","R/strategies/strategy_19_name_alias.R","NICKNAME_MAP","CHRISTINA","CHRISTI","CHRISTINA","CHRISTI","2026-09-06.1","NEEDS_ADJUDICATION","external map is evidence that the pair was used downstream, but no independent positive support is encoded here"
"mufflyt/isochrones","c03c3733f8376af49bb2e141ec5970424299a43f","R/strategies/strategy_19_name_alias.R","NICKNAME_MAP","NATALIE","NAT","NATALIE","NAT","2026-09-06.1","NEEDS_ADJUDICATION","external map is evidence that the pair was used downstream, but no independent positive support is encoded here"
"mufflyt/isochrones","c03c3733f8376af49bb2e141ec5970424299a43f","R/strategies/strategy_19_name_alias.R","NICKNAME_MAP","NATALIE","NATTY","NATALIE","NATTY","2026-09-06.1","ALREADY_PRESENT","forward edge already governed by the current dictionary"
"mufflyt/isochrones","c03c3733f8376af49bb2e141ec5970424299a43f","R/strategies/strategy_19_name_alias.R","NICKNAME_MAP","DEBORAH","DEB","DEBORAH","DEB","2026-09-06.1","ALREADY_PRESENT","forward edge already governed by the current dictionary"
"mufflyt/isochrones","c03c3733f8376af49bb2e141ec5970424299a43f","R/strategies/strategy_19_name_alias.R","NICKNAME_MAP","DEBORAH","DEBBIE","DEBORAH","DEBBIE","2026-09-06.1","ALREADY_PRESENT","forward edge already governed by the current dictionary"
"mufflyt/isochrones","c03c3733f8376af49bb2e141ec5970424299a43f","R/strategies/strategy_19_name_alias.R","NICKNAME_MAP","DEBORAH","DEBBY","DEBORAH","DEBBY","2026-09-06.1","ALREADY_PRESENT","forward edge already governed by the current dictionary"
"mufflyt/isochrones","c03c3733f8376af49bb2e141ec5970424299a43f","R/strategies/strategy_19_name_alias.R","NICKNAME_MAP","BARBARA","BARB","BARBARA","BARB","2026-09-06.1","ALREADY_PRESENT","forward edge already governed by the current dictionary"
"mufflyt/isochrones","c03c3733f8376af49bb2e141ec5970424299a43f","R/strategies/strategy_19_name_alias.R","NICKNAME_MAP","BARBARA","BARBIE","BARBARA","BARBIE","2026-09-06.1","ALREADY_PRESENT","forward edge already governed by the current dictionary"
"mufflyt/isochrones","c03c3733f8376af49bb2e141ec5970424299a43f","R/strategies/strategy_19_name_alias.R","NICKNAME_MAP","CAROLYN","CAROL","CAROLYN","CAROL","2026-09-06.1","ALREADY_PRESENT","forward edge already governed by the current dictionary"
"mufflyt/isochrones","c03c3733f8376af49bb2e141ec5970424299a43f","R/strategies/strategy_19_name_alias.R","NICKNAME_MAP","CAROLYN","CARRIE","CAROLYN","CARRIE","2026-09-06.1","ALREADY_PRESENT","forward edge already governed by the current dictionary"
"mufflyt/isochrones","c03c3733f8376af49bb2e141ec5970424299a43f","R/strategies/strategy_19_name_alias.R","NICKNAME_MAP","MEREDITH","MERI","MEREDITH","MERI","2026-09-06.1","NEEDS_ADJUDICATION","external map is evidence that the pair was used downstream, but no independent positive support is encoded here"
"mufflyt/isochrones","c03c3733f8376af49bb2e141ec5970424299a43f","R/strategies/strategy_19_name_alias.R","NICKNAME_MAP","MEREDITH","MERRY","MEREDITH","MERRY","2026-09-06.1","NEEDS_ADJUDICATION","MERRY also attaches to MARY; cross-formal risk"
"mufflyt/isochrones","c03c3733f8376af49bb2e141ec5970424299a43f","R/strategies/strategy_19_name_alias.R","NICKNAME_MAP","SAMANTHA","SAM","SAMANTHA","SAM","2026-09-06.1","ALREADY_PRESENT","forward edge already governed by the current dictionary"
"mufflyt/isochrones","c03c3733f8376af49bb2e141ec5970424299a43f","R/strategies/strategy_19_name_alias.R","NICKNAME_MAP","SAMANTHA","SAMMIE","SAMANTHA","SAMMIE","2026-09-06.1","NEEDS_ADJUDICATION","external map is evidence that the pair was used downstream, but no independent positive support is encoded here"
"mufflyt/isochrones","c03c3733f8376af49bb2e141ec5970424299a43f","R/strategies/strategy_19_name_alias.R","NICKNAME_MAP","ALLISON","ALLIE","ALLISON","ALLIE","2026-09-06.1","ALREADY_PRESENT","forward edge already governed by the current dictionary"
"mufflyt/isochrones","c03c3733f8376af49bb2e141ec5970424299a43f","R/strategies/strategy_19_name_alias.R","NICKNAME_MAP","ALLISON","ALI","ALLISON","ALI","2026-09-06.1","ALREADY_PRESENT","forward edge already governed by the current dictionary"
"mufflyt/isochrones","c03c3733f8376af49bb2e141ec5970424299a43f","R/strategies/strategy_19_name_alias.R","NICKNAME_MAP","DANIELLE","DANI","DANIELLE","DANI","2026-09-06.1","ALREADY_PRESENT","forward edge already governed by the current dictionary"
"mufflyt/isochrones","c03c3733f8376af49bb2e141ec5970424299a43f","R/strategies/strategy_19_name_alias.R","NICKNAME_MAP","DANIELLE","DANNY","DANIELLE","DANNY","2026-09-06.1","NEEDS_ADJUDICATION","DANNY attaches predominantly to DANIEL; directional ambiguity"
"mufflyt/isochrones","c03c3733f8376af49bb2e141ec5970424299a43f","R/real_database_integration.R","nickname_map","JENNIFER","JEN","JENNIFER","JEN","2026-09-06.1","ALREADY_PRESENT","forward edge already governed by the current dictionary"
"mufflyt/isochrones","c03c3733f8376af49bb2e141ec5970424299a43f","R/real_database_integration.R","nickname_map","JENNIFER","JENNY","JENNIFER","JENNY","2026-09-06.1","ALREADY_PRESENT","forward edge already governed by the current dictionary"
"mufflyt/isochrones","c03c3733f8376af49bb2e141ec5970424299a43f","R/real_database_integration.R","nickname_map","JEN","JENNIFER","JEN","JENNIFER","2026-09-06.1","REJECT_DIRECTIONAL_AMBIGUITY","reverse edge from a hypocorism to its formal; the corpus is directed formal>nickname"
"mufflyt/isochrones","c03c3733f8376af49bb2e141ec5970424299a43f","R/real_database_integration.R","nickname_map","JEN","JENNY","JEN","JENNY","2026-09-06.1","REJECT_DIRECTIONAL_AMBIGUITY","map keys this entry on a hypocorism; the edge runs through a nickname instead of a formal"
"mufflyt/isochrones","c03c3733f8376af49bb2e141ec5970424299a43f","R/real_database_integration.R","nickname_map","JESSICA","JESS","JESSICA","JESS","2026-09-06.1","ALREADY_PRESENT","forward edge already governed by the current dictionary"
"mufflyt/isochrones","c03c3733f8376af49bb2e141ec5970424299a43f","R/real_database_integration.R","nickname_map","JESSICA","JESSIE","JESSICA","JESSIE","2026-09-06.1","ALREADY_PRESENT","forward edge already governed by the current dictionary"
"mufflyt/isochrones","c03c3733f8376af49bb2e141ec5970424299a43f","R/real_database_integration.R","nickname_map","MICHAEL","MIKE","MICHAEL","MIKE","2026-09-06.1","ALREADY_PRESENT","forward edge already governed by the current dictionary"
"mufflyt/isochrones","c03c3733f8376af49bb2e141ec5970424299a43f","R/real_database_integration.R","nickname_map","MICHAEL","MICKEY","MICHAEL","MICKEY","2026-09-06.1","ALREADY_PRESENT","forward edge already governed by the current dictionary"
"mufflyt/isochrones","c03c3733f8376af49bb2e141ec5970424299a43f","R/real_database_integration.R","nickname_map","MICHAEL","MICK","MICHAEL","MICK","2026-09-06.1","ALREADY_PRESENT","forward edge already governed by the current dictionary"
"mufflyt/isochrones","c03c3733f8376af49bb2e141ec5970424299a43f","R/real_database_integration.R","nickname_map","THOMAS","TOM","THOMAS","TOM","2026-09-06.1","ALREADY_PRESENT","forward edge already governed by the current dictionary"
"mufflyt/isochrones","c03c3733f8376af49bb2e141ec5970424299a43f","R/real_database_integration.R","nickname_map","THOMAS","TOMMY","THOMAS","TOMMY","2026-09-06.1","ALREADY_PRESENT","forward edge already governed by the current dictionary"
"mufflyt/isochrones","c03c3733f8376af49bb2e141ec5970424299a43f","R/real_database_integration.R","nickname_map","THOMAS","THOM","THOMAS","THOM","2026-09-06.1","ALREADY_PRESENT","forward edge already governed by the current dictionary"
"mufflyt/isochrones","c03c3733f8376af49bb2e141ec5970424299a43f","R/real_database_integration.R","nickname_map","MEGAN","MEG","MEGAN","MEG","2026-09-06.1","ALREADY_PRESENT","forward edge already governed by the current dictionary"
"mufflyt/isochrones","c03c3733f8376af49bb2e141ec5970424299a43f","R/real_database_integration.R","nickname_map","MEGAN","MEGGIE","MEGAN","MEGGIE","2026-09-06.1","NEEDS_ADJUDICATION","external map is evidence that the pair was used downstream, but no independent positive support is encoded here"
"mufflyt/isochrones","c03c3733f8376af49bb2e141ec5970424299a43f","R/real_database_integration.R","nickname_map","JOSEPH","JOE","JOSEPH","JOE","2026-09-06.1","ALREADY_PRESENT","forward edge already governed by the current dictionary"
"mufflyt/isochrones","c03c3733f8376af49bb2e141ec5970424299a43f","R/real_database_integration.R","nickname_map","JOSEPH","JOEY","JOSEPH","JOEY","2026-09-06.1","ALREADY_PRESENT","forward edge already governed by the current dictionary"
"mufflyt/isochrones","c03c3733f8376af49bb2e141ec5970424299a43f","R/real_database_integration.R","nickname_map","CAMILLE","CAMI","CAMILLE","CAMI","2026-09-06.1","NEEDS_ADJUDICATION","external map is evidence that the pair was used downstream, but no independent positive support is encoded here"
"mufflyt/isochrones","c03c3733f8376af49bb2e141ec5970424299a43f","R/real_database_integration.R","nickname_map","CAMILLE","CAM","CAMILLE","CAM","2026-09-06.1","NEEDS_ADJUDICATION","external map is evidence that the pair was used downstream, but no independent positive support is encoded here"
"mufflyt/isochrones","c03c3733f8376af49bb2e141ec5970424299a43f","scripts/match_aao_to_nppes.R","NICKNAMES","WILLIAM","BILL","WILLIAM","BILL","2026-09-06.1","ALREADY_PRESENT","forward edge already governed by the current dictionary"
"mufflyt/isochrones","c03c3733f8376af49bb2e141ec5970424299a43f","scripts/match_aao_to_nppes.R","NICKNAMES","WILLIAM","BILLY","WILLIAM","BILLY","2026-09-06.1","ALREADY_PRESENT","forward edge already governed by the current dictionary"
"mufflyt/isochrones","c03c3733f8376af49bb2e141ec5970424299a43f","scripts/match_aao_to_nppes.R","NICKNAMES","WILLIAM","WILL","WILLIAM","WILL","2026-09-06.1","ALREADY_PRESENT","forward edge already governed by the current dictionary"
"mufflyt/isochrones","c03c3733f8376af49bb2e141ec5970424299a43f","scripts/match_aao_to_nppes.R","NICKNAMES","ROBERT","BOB","ROBERT","BOB","2026-09-06.1","ALREADY_PRESENT","forward edge already governed by the current dictionary"
"mufflyt/isochrones","c03c3733f8376af49bb2e141ec5970424299a43f","scripts/match_aao_to_nppes.R","NICKNAMES","ROBERT","ROB","ROBERT","ROB","2026-09-06.1","ALREADY_PRESENT","forward edge already governed by the current dictionary"
"mufflyt/isochrones","c03c3733f8376af49bb2e141ec5970424299a43f","scripts/match_aao_to_nppes.R","NICKNAMES","ROBERT","BOBBY","ROBERT","BOBBY","2026-09-06.1","ALREADY_PRESENT","forward edge already governed by the current dictionary"
"mufflyt/isochrones","c03c3733f8376af49bb2e141ec5970424299a43f","scripts/match_aao_to_nppes.R","NICKNAMES","JOHN","JACK","JOHN","JACK","2026-09-06.1","ALREADY_PRESENT","forward edge already governed by the current dictionary"
"mufflyt/isochrones","c03c3733f8376af49bb2e141ec5970424299a43f","scripts/match_aao_to_nppes.R","NICKNAMES","JOHN","JOHNNY","JOHN","JOHNNY","2026-09-06.1","ALREADY_PRESENT","forward edge already governed by the current dictionary"
"mufflyt/isochrones","c03c3733f8376af49bb2e141ec5970424299a43f","scripts/match_aao_to_nppes.R","NICKNAMES","JAMES","JIM","JAMES","JIM","2026-09-06.1","ALREADY_PRESENT","forward edge already governed by the current dictionary"
"mufflyt/isochrones","c03c3733f8376af49bb2e141ec5970424299a43f","scripts/match_aao_to_nppes.R","NICKNAMES","JAMES","JIMMY","JAMES","JIMMY","2026-09-06.1","ALREADY_PRESENT","forward edge already governed by the current dictionary"
"mufflyt/isochrones","c03c3733f8376af49bb2e141ec5970424299a43f","scripts/match_aao_to_nppes.R","NICKNAMES","JAMES","JAY","JAMES","JAY","2026-09-06.1","NEEDS_ADJUDICATION","external map is evidence that the pair was used downstream, but no independent positive support is encoded here"
"mufflyt/isochrones","c03c3733f8376af49bb2e141ec5970424299a43f","scripts/match_aao_to_nppes.R","NICKNAMES","THOMAS","TOM","THOMAS","TOM","2026-09-06.1","ALREADY_PRESENT","forward edge already governed by the current dictionary"
"mufflyt/isochrones","c03c3733f8376af49bb2e141ec5970424299a43f","scripts/match_aao_to_nppes.R","NICKNAMES","THOMAS","TOMMY","THOMAS","TOMMY","2026-09-06.1","ALREADY_PRESENT","forward edge already governed by the current dictionary"
"mufflyt/isochrones","c03c3733f8376af49bb2e141ec5970424299a43f","scripts/match_aao_to_nppes.R","NICKNAMES","RICHARD","DICK","RICHARD","DICK","2026-09-06.1","NEEDS_ADJUDICATION","valid traditional nickname but high downstream ambiguity; keep out until governed explicitly"
"mufflyt/isochrones","c03c3733f8376af49bb2e141ec5970424299a43f","scripts/match_aao_to_nppes.R","NICKNAMES","RICHARD","RICH","RICHARD","RICH","2026-09-06.1","ALREADY_PRESENT","forward edge already governed by the current dictionary"
"mufflyt/isochrones","c03c3733f8376af49bb2e141ec5970424299a43f","scripts/match_aao_to_nppes.R","NICKNAMES","RICHARD","RICK","RICHARD","RICK","2026-09-06.1","ALREADY_PRESENT","forward edge already governed by the current dictionary"
"mufflyt/isochrones","c03c3733f8376af49bb2e141ec5970424299a43f","scripts/match_aao_to_nppes.R","NICKNAMES","RICHARD","RICKY","RICHARD","RICKY","2026-09-06.1","ALREADY_PRESENT","forward edge already governed by the current dictionary"
"mufflyt/isochrones","c03c3733f8376af49bb2e141ec5970424299a43f","scripts/match_aao_to_nppes.R","NICKNAMES","MICHAEL","MIKE","MICHAEL","MIKE","2026-09-06.1","ALREADY_PRESENT","forward edge already governed by the current dictionary"
"mufflyt/isochrones","c03c3733f8376af49bb2e141ec5970424299a43f","scripts/match_aao_to_nppes.R","NICKNAMES","MICHAEL","MICK","MICHAEL","MICK","2026-09-06.1","ALREADY_PRESENT","forward edge already governed by the current dictionary"
"mufflyt/isochrones","c03c3733f8376af49bb2e141ec5970424299a43f","scripts/match_aao_to_nppes.R","NICKNAMES","DANIEL","DAN","DANIEL","DAN","2026-09-06.1","ALREADY_PRESENT","forward edge already governed by the current dictionary"
"mufflyt/isochrones","c03c3733f8376af49bb2e141ec5970424299a43f","scripts/match_aao_to_nppes.R","NICKNAMES","DANIEL","DANNY","DANIEL","DANNY","2026-09-06.1","ALREADY_PRESENT","forward edge already governed by the current dictionary"
"mufflyt/isochrones","c03c3733f8376af49bb2e141ec5970424299a43f","scripts/match_aao_to_nppes.R","NICKNAMES","DAVID","DAVE","DAVID","DAVE","2026-09-06.1","ALREADY_PRESENT","forward edge already governed by the current dictionary"
"mufflyt/isochrones","c03c3733f8376af49bb2e141ec5970424299a43f","scripts/match_aao_to_nppes.R","NICKNAMES","DAVID","DAVY","DAVID","DAVY","2026-09-06.1","NEEDS_ADJUDICATION","external map is evidence that the pair was used downstream, but no independent positive support is encoded here"
"mufflyt/isochrones","c03c3733f8376af49bb2e141ec5970424299a43f","scripts/match_aao_to_nppes.R","NICKNAMES","CHRISTOPHER","CHRIS","CHRISTOPHER","CHRIS","2026-09-06.1","ALREADY_PRESENT","forward edge already governed by the current dictionary"
"mufflyt/isochrones","c03c3733f8376af49bb2e141ec5970424299a43f","scripts/match_aao_to_nppes.R","NICKNAMES","MATTHEW","MATT","MATTHEW","MATT","2026-09-06.1","ALREADY_PRESENT","forward edge already governed by the current dictionary"
"mufflyt/isochrones","c03c3733f8376af49bb2e141ec5970424299a43f","scripts/match_aao_to_nppes.R","NICKNAMES","MATTHEW","MATTY","MATTHEW","MATTY","2026-09-06.1","ALREADY_PRESENT","forward edge already governed by the current dictionary"
"mufflyt/isochrones","c03c3733f8376af49bb2e141ec5970424299a43f","scripts/match_aao_to_nppes.R","NICKNAMES","STEVEN","STEVE","STEVEN","STEVE","2026-09-06.1","ALREADY_PRESENT","forward edge already governed by the current dictionary"
"mufflyt/isochrones","c03c3733f8376af49bb2e141ec5970424299a43f","scripts/match_aao_to_nppes.R","NICKNAMES","STEPHEN","STEPH","STEPHEN","STEPH","2026-09-06.1","ALREADY_PRESENT","forward edge already governed by the current dictionary"
"mufflyt/isochrones","c03c3733f8376af49bb2e141ec5970424299a43f","scripts/match_aao_to_nppes.R","NICKNAMES","ANDREW","ANDY","ANDREW","ANDY","2026-09-06.1","ALREADY_PRESENT","forward edge already governed by the current dictionary"
"mufflyt/isochrones","c03c3733f8376af49bb2e141ec5970424299a43f","scripts/match_aao_to_nppes.R","NICKNAMES","ANDREW","DREW","ANDREW","DREW","2026-09-06.1","ALREADY_PRESENT","forward edge already governed by the current dictionary"
"mufflyt/isochrones","c03c3733f8376af49bb2e141ec5970424299a43f","scripts/match_aao_to_nppes.R","NICKNAMES","ANTHONY","TONY","ANTHONY","TONY","2026-09-06.1","ALREADY_PRESENT","forward edge already governed by the current dictionary"
"mufflyt/isochrones","c03c3733f8376af49bb2e141ec5970424299a43f","scripts/match_aao_to_nppes.R","NICKNAMES","NICHOLAS","NICK","NICHOLAS","NICK","2026-09-06.1","ALREADY_PRESENT","forward edge already governed by the current dictionary"
"mufflyt/isochrones","c03c3733f8376af49bb2e141ec5970424299a43f","scripts/match_aao_to_nppes.R","NICKNAMES","NICHOLAS","NICKY","NICHOLAS","NICKY","2026-09-06.1","ALREADY_PRESENT","forward edge already governed by the current dictionary"
"mufflyt/isochrones","c03c3733f8376af49bb2e141ec5970424299a43f","scripts/match_aao_to_nppes.R","NICKNAMES","ALEXANDER","ALEX","ALEXANDER","ALEX","2026-09-06.1","ALREADY_PRESENT","forward edge already governed by the current dictionary"
"mufflyt/isochrones","c03c3733f8376af49bb2e141ec5970424299a43f","scripts/match_aao_to_nppes.R","NICKNAMES","JOSEPH","JOE","JOSEPH","JOE","2026-09-06.1","ALREADY_PRESENT","forward edge already governed by the current dictionary"
"mufflyt/isochrones","c03c3733f8376af49bb2e141ec5970424299a43f","scripts/match_aao_to_nppes.R","NICKNAMES","JOSEPH","JOEY","JOSEPH","JOEY","2026-09-06.1","ALREADY_PRESENT","forward edge already governed by the current dictionary"
"mufflyt/isochrones","c03c3733f8376af49bb2e141ec5970424299a43f","scripts/match_aao_to_nppes.R","NICKNAMES","PETER","PETE","PETER","PETE","2026-09-06.1","ALREADY_PRESENT","forward edge already governed by the current dictionary"
"mufflyt/isochrones","c03c3733f8376af49bb2e141ec5970424299a43f","scripts/match_aao_to_nppes.R","NICKNAMES","PATRICK","PAT","PATRICK","PAT","2026-09-06.1","ALREADY_PRESENT","forward edge already governed by the current dictionary"
"mufflyt/isochrones","c03c3733f8376af49bb2e141ec5970424299a43f","scripts/match_aao_to_nppes.R","NICKNAMES","SAMUEL","SAM","SAMUEL","SAM","2026-09-06.1","ALREADY_PRESENT","forward edge already governed by the current dictionary"
"mufflyt/isochrones","c03c3733f8376af49bb2e141ec5970424299a43f","scripts/match_aao_to_nppes.R","NICKNAMES","JOSHUA","JOSH","JOSHUA","JOSH","2026-09-06.1","ALREADY_PRESENT","forward edge already governed by the current dictionary"
"mufflyt/isochrones","c03c3733f8376af49bb2e141ec5970424299a43f","scripts/match_aao_to_nppes.R","NICKNAMES","KENNETH","KEN","KENNETH","KEN","2026-09-06.1","ALREADY_PRESENT","forward edge already governed by the current dictionary"
"mufflyt/isochrones","c03c3733f8376af49bb2e141ec5970424299a43f","scripts/match_aao_to_nppes.R","NICKNAMES","JEFFREY","JEFF","JEFFREY","JEFF","2026-09-06.1","ALREADY_PRESENT","forward edge already governed by the current dictionary"
"mufflyt/isochrones","c03c3733f8376af49bb2e141ec5970424299a43f","scripts/match_aao_to_nppes.R","NICKNAMES","GREGORY","GREG","GREGORY","GREG","2026-09-06.1","ALREADY_PRESENT","forward edge already governed by the current dictionary"
"mufflyt/isochrones","c03c3733f8376af49bb2e141ec5970424299a43f","scripts/match_aao_to_nppes.R","NICKNAMES","FREDERICK","FRED","FREDERICK","FRED","2026-09-06.1","ALREADY_PRESENT","forward edge already governed by the current dictionary"
"mufflyt/isochrones","c03c3733f8376af49bb2e141ec5970424299a43f","scripts/match_aao_to_nppes.R","NICKNAMES","FREDERICK","FREDDY","FREDERICK","FREDDY","2026-09-06.1","ALREADY_PRESENT","forward edge already governed by the current dictionary"
"mufflyt/isochrones","c03c3733f8376af49bb2e141ec5970424299a43f","scripts/match_aao_to_nppes.R","NICKNAMES","CHARLES","CHUCK","CHARLES","CHUCK","2026-09-06.1","ALREADY_PRESENT","forward edge already governed by the current dictionary"
"mufflyt/isochrones","c03c3733f8376af49bb2e141ec5970424299a43f","scripts/match_aao_to_nppes.R","NICKNAMES","CHARLES","CHARLIE","CHARLES","CHARLIE","2026-09-06.1","ALREADY_PRESENT","forward edge already governed by the current dictionary"
"mufflyt/isochrones","c03c3733f8376af49bb2e141ec5970424299a43f","scripts/match_aao_to_nppes.R","NICKNAMES","ALBERT","AL","ALBERT","AL","2026-09-06.1","ALREADY_PRESENT","forward edge already governed by the current dictionary"
"mufflyt/isochrones","c03c3733f8376af49bb2e141ec5970424299a43f","scripts/match_aao_to_nppes.R","NICKNAMES","ALBERT","BERT","ALBERT","BERT","2026-09-06.1","ALREADY_PRESENT","forward edge already governed by the current dictionary"
"mufflyt/isochrones","c03c3733f8376af49bb2e141ec5970424299a43f","scripts/match_aao_to_nppes.R","NICKNAMES","BENJAMIN","BEN","BENJAMIN","BEN","2026-09-06.1","ALREADY_PRESENT","forward edge already governed by the current dictionary"
"mufflyt/isochrones","c03c3733f8376af49bb2e141ec5970424299a43f","scripts/match_aao_to_nppes.R","NICKNAMES","NATHANIEL","NATE","NATHANIEL","NATE","2026-09-06.1","ALREADY_PRESENT","forward edge already governed by the current dictionary"
"mufflyt/isochrones","c03c3733f8376af49bb2e141ec5970424299a43f","scripts/match_aao_to_nppes.R","NICKNAMES","NATHANIEL","NAT","NATHANIEL","NAT","2026-09-06.1","ALREADY_PRESENT","forward edge already governed by the current dictionary"
"mufflyt/isochrones","c03c3733f8376af49bb2e141ec5970424299a43f","scripts/match_aao_to_nppes.R","NICKNAMES","FRANCIS","FRANK","FRANCIS","FRANK","2026-09-06.1","ALREADY_PRESENT","forward edge already governed by the current dictionary"
"mufflyt/isochrones","c03c3733f8376af49bb2e141ec5970424299a43f","scripts/match_aao_to_nppes.R","NICKNAMES","ELIZABETH","LIZ","ELIZABETH","LIZ","2026-09-06.1","ALREADY_PRESENT","forward edge already governed by the current dictionary"
"mufflyt/isochrones","c03c3733f8376af49bb2e141ec5970424299a43f","scripts/match_aao_to_nppes.R","NICKNAMES","ELIZABETH","BETH","ELIZABETH","BETH","2026-09-06.1","ALREADY_PRESENT","forward edge already governed by the current dictionary"
"mufflyt/isochrones","c03c3733f8376af49bb2e141ec5970424299a43f","scripts/match_aao_to_nppes.R","NICKNAMES","ELIZABETH","BETTY","ELIZABETH","BETTY","2026-09-06.1","ALREADY_PRESENT","forward edge already governed by the current dictionary"
"mufflyt/isochrones","c03c3733f8376af49bb2e141ec5970424299a43f","scripts/match_aao_to_nppes.R","NICKNAMES","KATHERINE","KATE","KATHERINE","KATE","2026-09-06.1","ALREADY_PRESENT","forward edge already governed by the current dictionary"
"mufflyt/isochrones","c03c3733f8376af49bb2e141ec5970424299a43f","scripts/match_aao_to_nppes.R","NICKNAMES","KATHERINE","KATHY","KATHERINE","KATHY","2026-09-06.1","ALREADY_PRESENT","forward edge already governed by the current dictionary"
"mufflyt/isochrones","c03c3733f8376af49bb2e141ec5970424299a43f","scripts/match_aao_to_nppes.R","NICKNAMES","KATHERINE","KAY","KATHERINE","KAY","2026-09-06.1","ALREADY_PRESENT","forward edge already governed by the current dictionary"
"mufflyt/isochrones","c03c3733f8376af49bb2e141ec5970424299a43f","scripts/match_aao_to_nppes.R","NICKNAMES","CATHERINE","CATHY","CATHERINE","CATHY","2026-09-06.1","ALREADY_PRESENT","forward edge already governed by the current dictionary"
"mufflyt/isochrones","c03c3733f8376af49bb2e141ec5970424299a43f","scripts/match_aao_to_nppes.R","NICKNAMES","CATHERINE","CAT","CATHERINE","CAT","2026-09-06.1","NEEDS_ADJUDICATION","external map is evidence that the pair was used downstream, but no independent positive support is encoded here"
"mufflyt/isochrones","c03c3733f8376af49bb2e141ec5970424299a43f","scripts/match_aao_to_nppes.R","NICKNAMES","SUSAN","SUE","SUSAN","SUE","2026-09-06.1","ALREADY_PRESENT","forward edge already governed by the current dictionary"
"mufflyt/isochrones","c03c3733f8376af49bb2e141ec5970424299a43f","scripts/match_aao_to_nppes.R","NICKNAMES","SUSAN","SUSIE","SUSAN","SUSIE","2026-09-06.1","ALREADY_PRESENT","forward edge already governed by the current dictionary"
"mufflyt/isochrones","c03c3733f8376af49bb2e141ec5970424299a43f","scripts/match_aao_to_nppes.R","NICKNAMES","CYNTHIA","CINDY","CYNTHIA","CINDY","2026-09-06.1","ALREADY_PRESENT","forward edge already governed by the current dictionary"
"mufflyt/isochrones","c03c3733f8376af49bb2e141ec5970424299a43f","scripts/match_aao_to_nppes.R","NICKNAMES","PATRICIA","PATTY","PATRICIA","PATTY","2026-09-06.1","ALREADY_PRESENT","forward edge already governed by the current dictionary"
"mufflyt/isochrones","c03c3733f8376af49bb2e141ec5970424299a43f","scripts/match_aao_to_nppes.R","NICKNAMES","PATRICIA","TRISH","PATRICIA","TRISH","2026-09-06.1","ALREADY_PRESENT","forward edge already governed by the current dictionary"
"mufflyt/isochrones","c03c3733f8376af49bb2e141ec5970424299a43f","scripts/match_aao_to_nppes.R","NICKNAMES","JENNIFER","JENNY","JENNIFER","JENNY","2026-09-06.1","ALREADY_PRESENT","forward edge already governed by the current dictionary"
"mufflyt/isochrones","c03c3733f8376af49bb2e141ec5970424299a43f","scripts/match_aao_to_nppes.R","NICKNAMES","JENNIFER","JEN","JENNIFER","JEN","2026-09-06.1","ALREADY_PRESENT","forward edge already governed by the current dictionary"
"mufflyt/isochrones","c03c3733f8376af49bb2e141ec5970424299a43f","scripts/match_aao_to_nppes.R","NICKNAMES","ANNE","ANNIE","ANNE","ANNIE","2026-09-06.1","ALREADY_PRESENT","forward edge already governed by the current dictionary"
"mufflyt/isochrones","c03c3733f8376af49bb2e141ec5970424299a43f","scripts/match_aao_to_nppes.R","NICKNAMES","ANNE","ANN","ANNE","ANN","2026-09-06.1","ALREADY_PRESENT","forward edge already governed by the current dictionary"
"mufflyt/isochrones","c03c3733f8376af49bb2e141ec5970424299a43f","scripts/match_aao_to_nppes.R","NICKNAMES","MARGARET","MAGGIE","MARGARET","MAGGIE","2026-09-06.1","ALREADY_PRESENT","forward edge already governed by the current dictionary"
"mufflyt/isochrones","c03c3733f8376af49bb2e141ec5970424299a43f","scripts/match_aao_to_nppes.R","NICKNAMES","MARGARET","MEG","MARGARET","MEG","2026-09-06.1","ALREADY_PRESENT","forward edge already governed by the current dictionary"
"mufflyt/isochrones","c03c3733f8376af49bb2e141ec5970424299a43f","scripts/match_aao_to_nppes.R","NICKNAMES","MARGARET","PEGGY","MARGARET","PEGGY","2026-09-06.1","ALREADY_PRESENT","forward edge already governed by the current dictionary"
"mufflyt/obgyns","bc5b6fb7854f8f1cf35a580d3e3e4b66e4c023f1","R/03.1-real_database_integration.R","nickname_map","JENNIFER","JEN","JENNIFER","JEN","2026-09-06.1","ALREADY_PRESENT","forward edge already governed by the current dictionary"
"mufflyt/obgyns","bc5b6fb7854f8f1cf35a580d3e3e4b66e4c023f1","R/03.1-real_database_integration.R","nickname_map","JENNIFER","JENNY","JENNIFER","JENNY","2026-09-06.1","ALREADY_PRESENT","forward edge already governed by the current dictionary"
"mufflyt/obgyns","bc5b6fb7854f8f1cf35a580d3e3e4b66e4c023f1","R/03.1-real_database_integration.R","nickname_map","JEN","JENNIFER","JEN","JENNIFER","2026-09-06.1","REJECT_DIRECTIONAL_AMBIGUITY","reverse edge from a hypocorism to its formal; the corpus is directed formal>nickname"
"mufflyt/obgyns","bc5b6fb7854f8f1cf35a580d3e3e4b66e4c023f1","R/03.1-real_database_integration.R","nickname_map","JEN","JENNY","JEN","JENNY","2026-09-06.1","REJECT_DIRECTIONAL_AMBIGUITY","map keys this entry on a hypocorism; the edge runs through a nickname instead of a formal"
"mufflyt/obgyns","bc5b6fb7854f8f1cf35a580d3e3e4b66e4c023f1","R/03.1-real_database_integration.R","nickname_map","JESSICA","JESS","JESSICA","JESS","2026-09-06.1","ALREADY_PRESENT","forward edge already governed by the current dictionary"
"mufflyt/obgyns","bc5b6fb7854f8f1cf35a580d3e3e4b66e4c023f1","R/03.1-real_database_integration.R","nickname_map","JESSICA","JESSIE","JESSICA","JESSIE","2026-09-06.1","ALREADY_PRESENT","forward edge already governed by the current dictionary"
"mufflyt/obgyns","bc5b6fb7854f8f1cf35a580d3e3e4b66e4c023f1","R/03.1-real_database_integration.R","nickname_map","MICHAEL","MIKE","MICHAEL","MIKE","2026-09-06.1","ALREADY_PRESENT","forward edge already governed by the current dictionary"
"mufflyt/obgyns","bc5b6fb7854f8f1cf35a580d3e3e4b66e4c023f1","R/03.1-real_database_integration.R","nickname_map","MICHAEL","MICKEY","MICHAEL","MICKEY","2026-09-06.1","ALREADY_PRESENT","forward edge already governed by the current dictionary"
"mufflyt/obgyns","bc5b6fb7854f8f1cf35a580d3e3e4b66e4c023f1","R/03.1-real_database_integration.R","nickname_map","MICHAEL","MICK","MICHAEL","MICK","2026-09-06.1","ALREADY_PRESENT","forward edge already governed by the current dictionary"
"mufflyt/obgyns","bc5b6fb7854f8f1cf35a580d3e3e4b66e4c023f1","R/03.1-real_database_integration.R","nickname_map","THOMAS","TOM","THOMAS","TOM","2026-09-06.1","ALREADY_PRESENT","forward edge already governed by the current dictionary"
"mufflyt/obgyns","bc5b6fb7854f8f1cf35a580d3e3e4b66e4c023f1","R/03.1-real_database_integration.R","nickname_map","THOMAS","TOMMY","THOMAS","TOMMY","2026-09-06.1","ALREADY_PRESENT","forward edge already governed by the current dictionary"
"mufflyt/obgyns","bc5b6fb7854f8f1cf35a580d3e3e4b66e4c023f1","R/03.1-real_database_integration.R","nickname_map","THOMAS","THOM","THOMAS","THOM","2026-09-06.1","ALREADY_PRESENT","forward edge already governed by the current dictionary"
"mufflyt/obgyns","bc5b6fb7854f8f1cf35a580d3e3e4b66e4c023f1","R/03.1-real_database_integration.R","nickname_map","MEGAN","MEG","MEGAN","MEG","2026-09-06.1","ALREADY_PRESENT","forward edge already governed by the current dictionary"
"mufflyt/obgyns","bc5b6fb7854f8f1cf35a580d3e3e4b66e4c023f1","R/03.1-real_database_integration.R","nickname_map","MEGAN","MEGGIE","MEGAN","MEGGIE","2026-09-06.1","NEEDS_ADJUDICATION","external map is evidence that the pair was used downstream, but no independent positive support is encoded here"
"mufflyt/obgyns","bc5b6fb7854f8f1cf35a580d3e3e4b66e4c023f1","R/03.1-real_database_integration.R","nickname_map","JOSEPH","JOE","JOSEPH","JOE","2026-09-06.1","ALREADY_PRESENT","forward edge already governed by the current dictionary"
"mufflyt/obgyns","bc5b6fb7854f8f1cf35a580d3e3e4b66e4c023f1","R/03.1-real_database_integration.R","nickname_map","JOSEPH","JOEY","JOSEPH","JOEY","2026-09-06.1","ALREADY_PRESENT","forward edge already governed by the current dictionary"
"mufflyt/obgyns","bc5b6fb7854f8f1cf35a580d3e3e4b66e4c023f1","R/03.1-real_database_integration.R","nickname_map","CAMILLE","CAMI","CAMILLE","CAMI","2026-09-06.1","NEEDS_ADJUDICATION","external map is evidence that the pair was used downstream, but no independent positive support is encoded here"
"mufflyt/obgyns","bc5b6fb7854f8f1cf35a580d3e3e4b66e4c023f1","R/03.1-real_database_integration.R","nickname_map","CAMILLE","CAM","CAMILLE","CAM","2026-09-06.1","NEEDS_ADJUDICATION","external map is evidence that the pair was used downstream, but no independent positive support is encoded here"
"mufflyt/obgyns","bc5b6fb7854f8f1cf35a580d3e3e4b66e4c023f1","R/centralized_npi_matching.R","check_nickname_match::nicknames","ROBERT","BOB","ROBERT","BOB","2026-09-06.1","ALREADY_PRESENT","forward edge already governed by the current dictionary"
"mufflyt/obgyns","bc5b6fb7854f8f1cf35a580d3e3e4b66e4c023f1","R/centralized_npi_matching.R","check_nickname_match::nicknames","ROBERT","ROB","ROBERT","ROB","2026-09-06.1","ALREADY_PRESENT","forward edge already governed by the current dictionary"
"mufflyt/obgyns","bc5b6fb7854f8f1cf35a580d3e3e4b66e4c023f1","R/centralized_npi_matching.R","check_nickname_match::nicknames","ROBERT","BOBBY","ROBERT","BOBBY","2026-09-06.1","ALREADY_PRESENT","forward edge already governed by the current dictionary"
"mufflyt/obgyns","bc5b6fb7854f8f1cf35a580d3e3e4b66e4c023f1","R/centralized_npi_matching.R","check_nickname_match::nicknames","WILLIAM","BILL","WILLIAM","BILL","2026-09-06.1","ALREADY_PRESENT","forward edge already governed by the current dictionary"
"mufflyt/obgyns","bc5b6fb7854f8f1cf35a580d3e3e4b66e4c023f1","R/centralized_npi_matching.R","check_nickname_match::nicknames","WILLIAM","WILL","WILLIAM","WILL","2026-09-06.1","ALREADY_PRESENT","forward edge already governed by the current dictionary"
"mufflyt/obgyns","bc5b6fb7854f8f1cf35a580d3e3e4b66e4c023f1","R/centralized_npi_matching.R","check_nickname_match::nicknames","WILLIAM","BILLY","WILLIAM","BILLY","2026-09-06.1","ALREADY_PRESENT","forward edge already governed by the current dictionary"
"mufflyt/obgyns","bc5b6fb7854f8f1cf35a580d3e3e4b66e4c023f1","R/centralized_npi_matching.R","check_nickname_match::nicknames","ELIZABETH","LIZ","ELIZABETH","LIZ","2026-09-06.1","ALREADY_PRESENT","forward edge already governed by the current dictionary"
"mufflyt/obgyns","bc5b6fb7854f8f1cf35a580d3e3e4b66e4c023f1","R/centralized_npi_matching.R","check_nickname_match::nicknames","ELIZABETH","BETH","ELIZABETH","BETH","2026-09-06.1","ALREADY_PRESENT","forward edge already governed by the current dictionary"
"mufflyt/obgyns","bc5b6fb7854f8f1cf35a580d3e3e4b66e4c023f1","R/centralized_npi_matching.R","check_nickname_match::nicknames","ELIZABETH","BETTY","ELIZABETH","BETTY","2026-09-06.1","ALREADY_PRESENT","forward edge already governed by the current dictionary"
"mufflyt/obgyns","bc5b6fb7854f8f1cf35a580d3e3e4b66e4c023f1","R/centralized_npi_matching.R","check_nickname_match::nicknames","ELIZABETH","ELIZA","ELIZABETH","ELIZA","2026-09-06.1","ALREADY_PRESENT","forward edge already governed by the current dictionary"
"mufflyt/obgyns","bc5b6fb7854f8f1cf35a580d3e3e4b66e4c023f1","R/centralized_npi_matching.R","check_nickname_match::nicknames","KATHERINE","KATE","KATHERINE","KATE","2026-09-06.1","ALREADY_PRESENT","forward edge already governed by the current dictionary"
"mufflyt/obgyns","bc5b6fb7854f8f1cf35a580d3e3e4b66e4c023f1","R/centralized_npi_matching.R","check_nickname_match::nicknames","KATHERINE","KATHY","KATHERINE","KATHY","2026-09-06.1","ALREADY_PRESENT","forward edge already governed by the current dictionary"
"mufflyt/obgyns","bc5b6fb7854f8f1cf35a580d3e3e4b66e4c023f1","R/centralized_npi_matching.R","check_nickname_match::nicknames","KATHERINE","KAT","KATHERINE","KAT","2026-09-06.1","NEEDS_ADJUDICATION","external map is evidence that the pair was used downstream, but no independent positive support is encoded here"
"mufflyt/obgyns","bc5b6fb7854f8f1cf35a580d3e3e4b66e4c023f1","R/centralized_npi_matching.R","check_nickname_match::nicknames","KATHERINE","KATIE","KATHERINE","KATIE","2026-09-06.1","ALREADY_PRESENT","forward edge already governed by the current dictionary"
"mufflyt/obgyns","bc5b6fb7854f8f1cf35a580d3e3e4b66e4c023f1","R/centralized_npi_matching.R","check_nickname_match::nicknames","RICHARD","RICK","RICHARD","RICK","2026-09-06.1","ALREADY_PRESENT","forward edge already governed by the current dictionary"
"mufflyt/obgyns","bc5b6fb7854f8f1cf35a580d3e3e4b66e4c023f1","R/centralized_npi_matching.R","check_nickname_match::nicknames","RICHARD","DICK","RICHARD","DICK","2026-09-06.1","NEEDS_ADJUDICATION","valid traditional nickname but high downstream ambiguity; keep out until governed explicitly"
"mufflyt/obgyns","bc5b6fb7854f8f1cf35a580d3e3e4b66e4c023f1","R/centralized_npi_matching.R","check_nickname_match::nicknames","RICHARD","RICH","RICHARD","RICH","2026-09-06.1","ALREADY_PRESENT","forward edge already governed by the current dictionary"
"mufflyt/obgyns","bc5b6fb7854f8f1cf35a580d3e3e4b66e4c023f1","R/centralized_npi_matching.R","check_nickname_match::nicknames","MARGARET","MEG","MARGARET","MEG","2026-09-06.1","ALREADY_PRESENT","forward edge already governed by the current dictionary"
"mufflyt/obgyns","bc5b6fb7854f8f1cf35a580d3e3e4b66e4c023f1","R/centralized_npi_matching.R","check_nickname_match::nicknames","MARGARET","MAGGIE","MARGARET","MAGGIE","2026-09-06.1","ALREADY_PRESENT","forward edge already governed by the current dictionary"
"mufflyt/obgyns","bc5b6fb7854f8f1cf35a580d3e3e4b66e4c023f1","R/centralized_npi_matching.R","check_nickname_match::nicknames","MARGARET","PEGGY","MARGARET","PEGGY","2026-09-06.1","ALREADY_PRESENT","forward edge already governed by the current dictionary"
"mufflyt/obgyns","bc5b6fb7854f8f1cf35a580d3e3e4b66e4c023f1","R/centralized_npi_matching.R","check_nickname_match::nicknames","JAMES","JIM","JAMES","JIM","2026-09-06.1","ALREADY_PRESENT","forward edge already governed by the current dictionary"
"mufflyt/obgyns","bc5b6fb7854f8f1cf35a580d3e3e4b66e4c023f1","R/centralized_npi_matching.R","check_nickname_match::nicknames","JAMES","JIMMY","JAMES","JIMMY","2026-09-06.1","ALREADY_PRESENT","forward edge already governed by the current dictionary"
"mufflyt/obgyns","bc5b6fb7854f8f1cf35a580d3e3e4b66e4c023f1","R/centralized_npi_matching.R","check_nickname_match::nicknames","JAMES","JAMIE","JAMES","JAMIE","2026-09-06.1","ALREADY_PRESENT","forward edge already governed by the current dictionary"
"mufflyt/obgyns","bc5b6fb7854f8f1cf35a580d3e3e4b66e4c023f1","R/centralized_npi_matching.R","check_nickname_match::nicknames","MICHAEL","MIKE","MICHAEL","MIKE","2026-09-06.1","ALREADY_PRESENT","forward edge already governed by the current dictionary"
"mufflyt/obgyns","bc5b6fb7854f8f1cf35a580d3e3e4b66e4c023f1","R/centralized_npi_matching.R","check_nickname_match::nicknames","MICHAEL","MICKEY","MICHAEL","MICKEY","2026-09-06.1","ALREADY_PRESENT","forward edge already governed by the current dictionary"
"mufflyt/obgyns","bc5b6fb7854f8f1cf35a580d3e3e4b66e4c023f1","R/centralized_npi_matching.R","check_nickname_match::nicknames","CHRISTOPHER","CHRIS","CHRISTOPHER","CHRIS","2026-09-06.1","ALREADY_PRESENT","forward edge already governed by the current dictionary"
"mufflyt/obgyns","bc5b6fb7854f8f1cf35a580d3e3e4b66e4c023f1","R/centralized_npi_matching.R","check_nickname_match::nicknames","CHRISTOPHER","KIT","CHRISTOPHER","KIT","2026-09-06.1","NEEDS_ADJUDICATION","valid but uncommon in medical datasets; needs governed review before admission"
"mufflyt/obgyns","bc5b6fb7854f8f1cf35a580d3e3e4b66e4c023f1","R/centralized_npi_matching.R","check_nickname_match::nicknames","PATRICIA","PAT","PATRICIA","PAT","2026-09-06.1","ALREADY_PRESENT","forward edge already governed by the current dictionary"
"mufflyt/obgyns","bc5b6fb7854f8f1cf35a580d3e3e4b66e4c023f1","R/centralized_npi_matching.R","check_nickname_match::nicknames","PATRICIA","PATTY","PATRICIA","PATTY","2026-09-06.1","ALREADY_PRESENT","forward edge already governed by the current dictionary"
"mufflyt/obgyns","bc5b6fb7854f8f1cf35a580d3e3e4b66e4c023f1","R/centralized_npi_matching.R","check_nickname_match::nicknames","PATRICIA","TRISH","PATRICIA","TRISH","2026-09-06.1","ALREADY_PRESENT","forward edge already governed by the current dictionary"
